City_ID,City,Country,Date,Lat,Lng,Max Temp,Humidity,Cloudiness,Wind Speed
0,Jamestown,US,2022-12-09 20:42:23,42.097,-79.2353,35.24,43,40,11.5
1,Cape Town,ZA,2022-12-09 20:42:24,-33.9258,18.4232,68.41,84,20,8.05
2,Ous,RU,2022-12-09 20:42:25,60.9058,61.5186,7.11,98,99,2.55
3,Birao,CF,2022-12-09 20:42:25,10.2849,22.7882,71.8,23,5,6.46
4,Ilulissat,GL,2022-12-09 20:42:25,69.2167,-51.1,39.22,45,75,14.97
5,Hermanus,ZA,2022-12-09 20:39:53,-34.4187,19.2345,66.79,85,0,5.55
6,Port Alfred,ZA,2022-12-09 20:42:26,-33.5906,26.891,68.18,94,97,1.99
7,Ushuaia,AR,2022-12-09 20:42:26,-54.8,-68.3,51.46,58,40,21.85
8,Olafsvik,IS,2022-12-09 20:42:27,64.8945,-23.7142,34.02,73,60,16.53
9,Cayenne,GF,2022-12-09 20:42:27,4.9333,-52.3333,82.44,74,20,10.36
10,Kurchum,KZ,2022-12-09 20:42:28,48.5722,83.6542,9.46,96,100,3.42
11,Tatawin,TN,2022-12-09 20:42:28,32.9297,10.4518,69.21,30,99,9.42
12,Tasiilaq,GL,2022-12-09 20:40:01,65.6145,-37.6368,21.36,60,55,7.07
13,Riyadh,SA,2022-12-09 20:40:16,24.6877,46.7219,60.94,72,70,4.68
14,Victoria,HK,2022-12-09 20:38:18,22.2855,114.1577,64.94,74,4,5.99
15,Leshukonskoye,RU,2022-12-09 20:42:29,64.8989,45.7622,8.89,94,98,8.14
16,Castro,BR,2022-12-09 20:42:30,-24.7911,-50.0119,66.99,96,81,8.03
17,Dikson,RU,2022-12-09 20:42:30,73.5069,80.5464,-1.34,97,99,10.33
18,Sao Gabriel Da Cachoeira,BR,2022-12-09 20:42:31,-0.1303,-67.0892,84.2,66,67,1.81
19,Ponta Do Sol,PT,2022-12-09 20:39:39,32.6667,-17.1,65.71,79,92,6.98
20,Bredasdorp,ZA,2022-12-09 20:42:31,-34.5322,20.0403,68.05,72,2,5.59
21,Cidreira,BR,2022-12-09 20:42:32,-30.1811,-50.2056,74.43,84,0,12.91
22,Novoagansk,RU,2022-12-09 20:42:32,61.9449,76.6625,-22.63,97,64,10.96
23,Port Elizabeth,ZA,2022-12-09 20:42:33,-33.918,25.5701,71.31,83,75,25.32
24,Bengkulu,ID,2022-12-09 20:42:33,-3.8004,102.2655,74.17,88,100,3.65
25,Storforshei,NO,2022-12-09 20:42:34,66.4043,14.5233,8.38,92,0,0.0
26,Mayumba,GA,2022-12-09 20:42:34,-3.432,10.6554,77.76,87,100,4.85
27,Longyearbyen,SJ,2022-12-09 20:41:45,78.2186,15.6401,15.64,86,40,14.97
28,Hofn,IS,2022-12-09 20:42:35,64.2539,-15.2082,34.39,66,19,19.8
29,Saldanha,ZA,2022-12-09 20:42:36,-33.0117,17.9442,68.05,88,3,2.55
30,Kismayo,SO,2022-12-09 20:42:36,-0.3582,42.5454,79.27,81,100,8.79
31,Iquique,CL,2022-12-09 20:41:16,-20.2208,-70.1431,71.64,76,40,3.2
32,Makurdi,NG,2022-12-09 20:42:37,7.7411,8.5121,80.04,18,9,3.89
33,Luderitz,NA,2022-12-09 20:42:37,-26.6481,15.1594,63.5,89,0,15.12
34,Kayerkan,RU,2022-12-09 20:42:38,69.3497,87.7602,-22.14,100,26,2.95
35,Asfi,MA,2022-12-09 20:42:38,32.2994,-9.2372,64.85,84,94,20.02
36,Sao Joao Da Barra,BR,2022-12-09 20:39:49,-21.6403,-41.0511,80.69,88,7,8.12
37,Bathsheba,BB,2022-12-09 20:42:39,13.2167,-59.5167,83.01,76,20,6.91
38,Aviles,ES,2022-12-09 20:37:56,43.5547,-5.9248,49.93,87,100,4.61
39,Porosozero,RU,2022-12-09 20:42:39,62.7191,32.727,24.39,95,100,9.19
40,Sur,OM,2022-12-09 20:42:40,22.5667,59.5289,76.26,63,0,7.94
41,Kushtagi,IN,2022-12-09 20:42:40,15.7667,76.2,66.45,67,98,5.21
42,Nanortalik,GL,2022-12-09 20:42:41,60.1432,-45.2371,23.13,81,2,6.91
43,Busselton,AU,2022-12-09 20:39:59,-33.65,115.3333,51.03,82,34,7.56
44,Sarkand,KZ,2022-12-09 20:43:41,45.41,79.9186,5.36,90,95,4.21
45,Rafai,CF,2022-12-09 20:43:42,4.95,23.9167,72.0,67,44,3.06
46,Waddan,LY,2022-12-09 20:43:42,29.1614,16.139,67.57,24,0,2.37
47,Fort Walton Beach,US,2022-12-09 20:43:43,30.4058,-86.6188,77.65,81,0,10.36
48,Carnarvon,AU,2022-12-09 20:43:43,-24.8667,113.6333,66.04,70,0,17.65
49,Faya,SA,2022-12-09 20:43:44,18.3851,42.4509,57.31,81,18,4.21
50,Vila Do Maio,CV,2022-12-09 20:43:44,15.1333,-23.2167,75.99,75,3,12.57
51,Dwarka,IN,2022-12-09 20:43:45,22.2394,68.9678,73.78,50,0,9.98
52,Qasigiannguit,GL,2022-12-09 20:43:45,68.8193,-51.1922,39.45,71,92,8.86
53,Gratia,RO,2022-12-09 20:43:46,44.4333,25.45,45.12,83,100,3.74
54,Arraial Do Cabo,BR,2022-12-09 20:43:46,-22.9661,-42.0278,80.56,73,0,13.8
55,Ribeira Grande,PT,2022-12-09 20:43:46,38.5167,-28.7,61.77,88,75,34.52
56,Brae,GB,2022-12-09 20:43:47,60.3964,-1.353,39.63,63,96,14.81
57,Saint-Leu,RE,2022-12-09 20:43:47,-21.15,55.2833,76.32,81,7,4.56
58,Murgab,TM,2022-12-09 20:43:48,37.4966,61.9714,28.27,74,100,4.61
59,Dakar,SN,2022-12-09 20:43:29,14.6937,-17.4441,79.68,78,0,6.91
60,Sackville,CA,2022-12-09 20:43:49,45.9188,-64.3846,36.18,96,100,14.45
61,Clyde River,CA,2022-12-09 20:41:08,70.4692,-68.5914,3.43,78,100,16.11
62,Rabo De Peixe,PT,2022-12-09 20:42:11,37.8,-25.5833,62.28,100,40,21.85
63,Antsohihy,MG,2022-12-09 20:43:49,-14.8796,47.9875,77.81,72,1,3.74
64,Birin,NP,2022-12-09 20:43:50,26.8865,88.0718,47.26,69,0,4.34
65,Hithadhoo,MV,2022-12-09 20:43:50,-0.6,73.0833,81.86,76,100,16.04
66,Oranjemund,NA,2022-12-09 20:43:51,-28.55,16.4333,63.28,92,5,6.4
67,Jawhar,SO,2022-12-09 20:43:51,2.7809,45.5005,76.21,82,88,9.69
68,Torbay,CA,2022-12-09 20:43:17,47.6666,-52.7314,38.75,97,100,13.0
69,Salinas,US,2022-12-09 20:42:07,36.6777,-121.6555,57.0,82,100,9.22
70,Dalvik,IS,2022-12-09 20:43:52,65.9702,-18.5286,31.93,86,99,3.94
71,Traverse City,US,2022-12-09 20:43:13,44.7631,-85.6206,32.2,72,100,9.22
72,Vila Franca Do Campo,PT,2022-12-09 20:43:52,37.7167,-25.4333,63.19,90,100,21.83
73,Mahebourg,MU,2022-12-09 20:43:53,-20.4081,57.7,77.29,78,75,3.44
74,Mahon,ES,2022-12-09 20:43:53,39.8885,4.2658,63.16,94,40,8.05
75,Ambovombe,MG,2022-12-09 20:43:54,-25.1667,46.0833,73.81,84,14,17.58
76,Arkhangelskoye,RU,2022-12-09 20:43:54,55.8549,35.3287,22.26,97,100,4.23
77,Ramygala,LT,2022-12-09 20:43:55,55.5167,24.3,11.12,98,80,3.65
78,Upernavik,GL,2022-12-09 20:43:55,72.7868,-56.1549,33.57,75,100,23.47
79,Ostrovnoy,RU,2022-12-09 20:43:56,68.0531,39.5131,19.94,86,100,22.79
80,Kaputa,ZM,2022-12-09 20:43:56,-8.4689,29.6619,66.13,91,100,5.48
81,Souillac,MU,2022-12-09 20:39:48,-20.5167,57.5167,77.38,78,75,3.44
82,Bambous Virieux,MU,2022-12-09 20:43:57,-20.3428,57.7575,77.25,78,75,3.44
83,Mosquera,CO,2022-12-09 20:43:57,4.7059,-74.2302,64.49,63,40,11.5
84,Mar Del Plata,AR,2022-12-09 20:41:07,-38.0023,-57.5575,73.42,75,75,13.8
85,Qaanaaq,GL,2022-12-09 20:43:57,77.484,-69.3632,5.92,79,100,4.41
86,Sovetskiy,RU,2022-12-09 20:43:58,61.3614,63.5842,-0.89,95,100,2.68
87,Punta Arenas,CL,2022-12-09 20:39:55,-53.15,-70.9167,55.42,66,75,11.5
88,Praia Da Vitoria,PT,2022-12-09 20:43:59,38.7333,-27.0667,61.05,94,75,28.14
89,Villa Maria,AR,2022-12-09 20:43:59,-32.4075,-63.2402,76.6,81,100,9.42
90,Rudsar,IR,2022-12-09 20:43:59,37.1376,50.288,49.98,87,94,4.32
91,Uyo,NG,2022-12-09 20:45:00,5.0333,7.9266,78.31,77,10,3.51
92,Abu Dhabi,AE,2022-12-09 20:43:56,24.4667,54.3667,77.02,57,20,12.66
93,Omboue,GA,2022-12-09 20:45:00,-1.5746,9.2618,77.04,89,93,6.82
94,Ondjiva,AO,2022-12-09 20:45:01,-17.0667,15.7333,74.75,51,42,10.2
95,Santa Cruz,BO,2022-12-09 20:40:50,-17.8,-63.1667,95.05,46,40,21.85
96,Georgetown,MY,2022-12-09 20:39:02,5.4112,100.3354,78.73,91,20,6.91
97,Saint-Philippe,RE,2022-12-09 20:41:13,-21.3585,55.7679,76.59,86,29,9.89
98,Nueva Londres,PY,2022-12-09 20:45:02,-25.4045,-56.5498,77.56,78,100,3.58
99,Chuy,UY,2022-12-09 20:45:03,-33.6971,-53.4616,84.43,50,10,14.25
100,Yarim,YE,2022-12-09 20:45:03,14.298,44.3779,49.24,41,15,3.4
101,Matagami,CA,2022-12-09 20:45:04,49.7502,-77.6328,5.11,78,75,2.3
102,Beira,MZ,2022-12-09 20:45:04,-19.8436,34.8389,80.69,78,20,7.0
103,Erlanger,US,2022-12-09 20:45:05,39.0167,-84.6008,51.1,86,100,5.75
104,Marienburg,PL,2022-12-09 20:45:05,54.0359,19.0266,32.04,88,30,1.61
105,Ostersund,SE,2022-12-09 20:45:06,63.1792,14.6357,21.65,100,40,8.05
106,Puyo,EC,2022-12-09 20:45:07,-1.4667,-77.9833,70.84,94,75,4.61
107,Radolfzell,DE,2022-12-09 20:45:07,47.7333,8.9667,34.68,97,100,0.94
108,Arraias,BR,2022-12-09 20:45:08,-12.9288,-46.9437,71.37,92,99,4.0
109,Gornopravdinsk,RU,2022-12-09 20:45:08,60.05,69.9,-3.86,92,100,2.91
110,Acarau,BR,2022-12-09 20:45:09,-2.8856,-40.12,80.33,78,97,16.2
111,Dunmore East,IE,2022-12-09 20:45:11,52.1514,-6.9861,32.0,80,100,3.44
112,Muisne,EC,2022-12-09 20:45:12,0.6,-80.0333,76.46,75,96,9.33
113,Tottenham,AU,2022-12-09 20:45:13,-32.2333,147.35,58.68,62,0,13.22
114,La Romana,DO,2022-12-09 20:45:15,18.4273,-68.9728,84.56,70,75,0.0
115,Korla,CN,2022-12-09 20:45:15,41.7597,86.1469,21.4,59,40,1.43
116,Mattru,SL,2022-12-09 20:45:16,7.6244,-11.8332,76.28,88,34,2.35
117,Wundanyi,KE,2022-12-09 20:45:16,-3.4019,38.364,62.04,90,99,1.83
118,Rio Grande,BR,2022-12-09 20:45:17,-32.035,-52.0986,91.51,70,0,13.96
119,Tarrega,ES,2022-12-09 20:45:17,41.647,1.1396,52.14,86,100,3.15
120,Samoylovka,RU,2022-12-09 20:45:18,51.184,43.7081,23.81,78,97,18.23
121,Coquimbo,CL,2022-12-09 20:45:18,-29.9533,-71.3436,69.53,68,0,16.11
122,Chancay,PE,2022-12-09 20:45:18,-11.5714,-77.2672,69.67,75,78,8.16
123,Forbesganj,IN,2022-12-09 20:45:19,26.3,87.25,62.24,66,4,3.42
124,Libourne,FR,2022-12-09 20:45:20,44.9167,-0.25,36.57,78,88,9.35
125,Eskisehir,TR,2022-12-09 20:44:54,39.7767,30.5206,44.47,100,0,4.61
126,Oskemen,KZ,2022-12-09 20:45:20,49.9565,82.6119,15.76,85,100,6.71
127,Maragogi,BR,2022-12-09 20:45:21,-9.0122,-35.2225,79.23,79,12,13.11
128,Vincennes,FR,2022-12-09 20:45:22,48.85,2.4333,35.89,90,100,9.22
129,Poltava,UA,2022-12-09 20:45:22,49.5937,34.5407,41.43,99,100,9.75
130,Taoudenni,ML,2022-12-09 20:45:22,22.6783,-3.9836,80.44,13,38,7.78
131,El Carmen,CO,2022-12-09 20:45:23,8.5106,-73.4478,77.07,62,67,2.24
132,Domoni,KM,2022-12-09 20:45:23,-12.2569,44.5319,78.76,80,0,3.8
133,Vestmannaeyjar,IS,2022-12-09 20:45:24,63.4427,-20.2734,35.06,57,0,8.12
134,Rudbar,AF,2022-12-09 20:45:25,30.15,62.6,46.04,46,38,7.0
135,Muros,ES,2022-12-09 20:45:25,42.7762,-9.0603,53.1,78,75,16.42
136,Iquitos,PE,2022-12-09 20:44:59,-3.7481,-73.2472,86.04,74,75,8.05
137,Clarence Town,AU,2022-12-09 20:46:26,-32.5833,151.7833,63.99,65,100,1.05
138,Crotone,IT,2022-12-09 20:46:26,39.0851,17.1178,65.19,90,100,16.93
139,Lysa Hora,UA,2022-12-09 20:46:27,48.1706,31.1099,39.29,92,66,6.49
140,Moissala,TD,2022-12-09 20:46:27,8.3404,17.7663,76.21,21,69,5.17
141,Aranos,NA,2022-12-09 20:46:28,-24.1333,19.1167,79.18,32,97,12.5
142,Gouyave,GD,2022-12-09 20:46:28,12.1646,-61.7296,83.17,61,20,0.0
143,Cabedelo,BR,2022-12-09 20:44:44,-6.9811,-34.8339,83.07,74,13,9.82
144,Kavaratti,IN,2022-12-09 20:46:29,10.5669,72.642,81.41,68,100,13.76
145,Yar-Sale,RU,2022-12-09 20:46:29,66.8333,70.8333,-2.54,95,98,13.44
146,Road Town,VG,2022-12-09 20:45:20,18.4167,-64.6167,82.49,65,20,4.61
147,Klaksvik,FO,2022-12-09 20:41:16,62.2266,-6.589,38.32,70,100,28.9
148,Bardsir,IR,2022-12-09 20:46:30,29.9227,56.5743,39.47,70,76,2.73
149,Laguna,US,2022-12-09 20:46:31,38.421,-121.4238,55.06,68,0,4.61
150,Nyrob,RU,2022-12-09 20:46:31,60.733,56.7202,7.74,98,98,2.48
151,Itarema,BR,2022-12-09 20:46:31,-2.9248,-39.9167,79.95,78,90,14.79
152,Quelimane,MZ,2022-12-09 20:46:32,-17.8786,36.8883,76.03,85,0,1.61
153,San Cristobal,VE,2022-12-09 20:46:32,7.7669,-72.225,71.78,61,60,2.01
154,Padre Paraiso,BR,2022-12-09 20:46:33,-17.0742,-41.4844,71.69,91,31,1.99
155,Mitu,CO,2022-12-09 20:46:33,1.1983,-70.1733,72.5,99,100,0.69
156,Banda Aceh,ID,2022-12-09 20:46:34,5.5577,95.3222,76.73,86,100,10.07
157,Santa Maria,BR,2022-12-09 20:46:34,-29.6842,-53.8069,96.1,20,0,10.36
158,Westerstede,DE,2022-12-09 20:46:35,53.25,7.9333,34.16,92,13,6.33
159,Maceio,BR,2022-12-09 20:46:35,-9.6658,-35.7353,81.84,78,20,14.97
160,Albany,US,2022-12-09 20:41:59,42.6001,-73.9662,38.73,49,1,1.01
161,Kristiansund,NO,2022-12-09 20:46:36,63.1115,7.732,25.45,63,0,4.61
162,Rawson,AR,2022-12-09 20:46:36,-43.3002,-65.1023,74.28,25,42,15.26
163,Corralillo,CU,2022-12-09 20:46:37,22.9819,-80.5856,77.97,59,7,12.8
164,Tobol,KZ,2022-12-09 20:46:37,52.6844,62.5794,-1.14,86,16,7.11
165,East London,ZA,2022-12-09 20:46:38,-33.0153,27.9116,73.65,89,37,12.24
166,Belyy Yar,RU,2022-12-09 20:46:38,53.6039,91.3903,-23.91,83,92,0.0
167,Necochea,AR,2022-12-09 20:46:38,-38.5473,-58.7368,70.09,49,7,18.3
168,Morant Bay,JM,2022-12-09 20:46:39,17.8815,-76.4093,83.82,64,3,9.82
169,Margate,GB,2022-12-09 20:46:40,51.3813,1.3862,34.7,82,77,3.0
170,Boa Vista,BR,2022-12-09 20:46:40,2.8197,-60.6733,87.78,62,40,6.91
171,Upata,VE,2022-12-09 20:46:40,8.0086,-62.3989,76.77,76,99,3.18
172,Riviere-Au-Renard,CA,2022-12-09 20:46:41,48.9957,-64.3971,28.69,71,38,27.65
173,Naryan-Mar,RU,2022-12-09 20:46:41,67.6713,53.087,-8.88,100,36,1.88
174,Bastia,FR,2022-12-09 20:46:42,42.6667,9.3333,63.3,80,40,3.44
175,San Antonio,US,2022-12-09 20:42:18,29.4241,-98.4936,81.88,65,75,10.36
176,Viedma,AR,2022-12-09 20:46:42,-40.8135,-62.9967,80.37,14,55,16.2
177,Kattivakkam,IN,2022-12-09 20:46:43,13.2167,80.3167,77.09,91,88,29.21
178,Coihaique,CL,2022-12-09 20:46:43,-45.5752,-72.0662,59.61,58,75,11.5
179,Hobyo,SO,2022-12-09 20:46:44,5.3505,48.5268,79.23,76,63,15.88
180,Turukhansk,RU,2022-12-09 20:46:44,65.8167,87.9833,-8.12,99,100,8.05
181,Peabiru,BR,2022-12-09 20:46:44,-23.9128,-52.3431,77.77,79,96,4.65
182,Kruisfontein,ZA,2022-12-09 20:47:45,-34.0033,24.7314,70.39,71,100,7.54
183,Pailon,BO,2022-12-09 20:47:45,-17.65,-62.75,96.48,33,63,14.29
184,Havre-Saint-Pierre,CA,2022-12-09 20:47:46,50.2334,-63.5986,28.76,86,100,12.66
185,Richards Bay,ZA,2022-12-09 20:47:46,-28.783,32.0377,73.31,90,11,8.01
186,Sabya,SA,2022-12-09 20:47:47,17.1495,42.6254,82.02,71,7,5.08
187,Boa Esperanca Do Sul,BR,2022-12-09 20:47:47,-21.9925,-48.3908,84.42,51,31,8.75
188,Yagoua,CM,2022-12-09 20:47:48,10.3411,15.2329,75.42,20,0,7.31
189,Mercedes,AR,2022-12-09 20:47:48,-34.6515,-59.4307,84.02,50,100,7.74
190,Yelatma,RU,2022-12-09 20:47:49,54.9675,41.7508,26.87,96,100,11.79
191,Bilma,NE,2022-12-09 20:47:49,18.6853,12.9164,68.45,17,0,4.18
192,Bela,IN,2022-12-09 20:47:49,25.9333,81.9833,58.57,43,5,1.43
193,Narsaq,GL,2022-12-09 20:47:50,60.9167,-46.05,19.62,72,0,7.63
194,Maldonado,UY,2022-12-09 20:47:26,-34.6667,-54.9167,97.99,32,0,9.53
195,Bonavista,CA,2022-12-09 20:47:51,48.6499,-53.1147,37.47,89,89,12.82
196,Itaueira,BR,2022-12-09 20:47:51,-7.6033,-43.0256,84.22,46,90,4.05
197,Kuznetsk,RU,2022-12-09 20:47:51,53.1167,46.6004,18.01,66,100,15.79
198,Sao Joao Do Piaui,BR,2022-12-09 20:47:52,-8.3581,-42.2467,86.09,31,35,2.44
199,Potosi,BO,2022-12-09 20:47:52,-19.5836,-65.7531,58.39,37,71,20.49
200,Nueva Loja,EC,2022-12-09 20:47:53,0.0847,-76.8828,87.82,58,40,2.3
201,Harper,LR,2022-12-09 20:47:53,4.375,-7.7169,79.07,83,1,7.78
202,Alta Floresta,BR,2022-12-09 20:41:16,-9.8756,-56.0861,78.66,86,99,0.96
203,Ati,TD,2022-12-09 20:47:54,13.2154,18.3353,74.05,15,0,9.93
204,Port-Cartier,CA,2022-12-09 20:47:54,50.0334,-66.8654,19.62,69,0,16.28
205,Carauari,BR,2022-12-09 20:47:55,-4.8828,-66.8958,84.27,71,99,2.19
206,Eyemouth,GB,2022-12-09 20:47:55,55.8713,-2.0901,31.23,78,50,10.47
207,Sao Filipe,CV,2022-12-09 20:47:56,14.8961,-24.4956,76.87,75,5,6.2
208,Saint-Augustin,CA,2022-12-09 20:47:56,51.226,-58.6502,33.06,96,100,5.82
209,Makokou,GA,2022-12-09 20:47:57,0.5738,12.8642,72.63,77,33,1.79
210,Buraydah,SA,2022-12-09 20:47:57,26.326,43.975,57.65,61,82,4.83
211,Hamilton,US,2022-12-09 20:45:33,39.1834,-84.5333,51.89,83,100,5.75
212,Gilbues,BR,2022-12-09 20:47:58,-9.8317,-45.3439,75.87,78,99,4.25
213,Adrar,MR,2022-12-09 20:47:58,20.5022,-10.0711,80.71,13,11,7.92
214,Hudiksvall,SE,2022-12-09 20:47:58,61.729,17.1036,25.41,89,100,9.64
215,Lannion,FR,2022-12-09 20:47:59,48.75,-3.4167,35.01,93,40,2.3
216,Nanga Eboko,CM,2022-12-09 20:48:00,4.6833,12.3667,72.12,49,0,1.9
217,Visnes,NO,2022-12-09 20:48:00,59.3556,5.2242,32.22,59,0,12.66
218,Saint George,US,2022-12-09 20:47:09,37.1041,-113.5841,51.94,48,0,1.99
219,Mangrol,IN,2022-12-09 20:48:01,21.1167,70.1167,69.98,40,42,9.15
220,The Valley,AI,2022-12-09 20:48:01,18.217,-63.0578,82.26,57,20,5.75
221,Cockburn Town,TC,2022-12-09 20:48:02,21.4612,-71.1419,78.76,57,40,8.05
222,Carbonia,IT,2022-12-09 20:48:02,39.1672,8.5222,58.15,87,100,2.01
223,Les Cayes,HT,2022-12-09 20:48:03,18.2,-73.75,80.37,55,4,6.04
224,Tarko-Sale,RU,2022-12-09 20:48:04,64.9225,77.785,-3.73,96,100,17.36
225,Betare Oya,CM,2022-12-09 20:48:04,5.6,14.0833,72.43,34,0,5.03
226,Labrea,BR,2022-12-09 20:48:05,-7.2586,-64.7981,83.68,73,98,1.36
227,Andra,RU,2022-12-09 20:48:05,62.5147,65.8878,-21.12,98,5,4.36
228,Avanigadda,IN,2022-12-09 20:48:06,16.0215,80.9181,68.95,92,100,11.54
229,Novyy Urengoy,RU,2022-12-09 20:45:19,66.0833,76.6333,-10.26,95,100,14.83
230,Maues,BR,2022-12-09 20:49:06,-3.3836,-57.7186,93.0,38,91,4.74
231,Iqaluit,CA,2022-12-09 20:49:07,63.7506,-68.5145,-4.27,77,75,4.61
232,Salinopolis,BR,2022-12-09 20:49:08,-0.6136,-47.3561,81.45,73,73,10.69
233,Urumqi,CN,2022-12-09 20:49:08,43.801,87.6005,9.55,79,75,6.71
234,Cabinda,AO,2022-12-09 20:49:09,-5.55,12.2,80.74,89,75,8.05
235,Axim,GH,2022-12-09 20:49:10,4.8699,-2.2405,79.68,83,5,7.94
236,Togur,RU,2022-12-09 20:49:11,58.3631,82.8265,8.67,92,100,10.87
237,Uglovskoye,RU,2022-12-09 20:49:11,51.3557,80.1942,-7.06,98,67,6.73
238,Costinesti,RO,2022-12-09 20:49:12,43.95,28.6333,47.44,93,99,13.53
239,Mangaratiba,BR,2022-12-09 20:49:13,-22.9597,-44.0406,79.66,88,17,2.59
240,Villahermosa,MX,2022-12-09 20:46:43,17.9833,-92.9167,83.01,58,1,5.99
241,Albemarle,US,2022-12-09 20:45:00,35.3501,-80.2001,54.61,75,100,5.75
242,Yukamenskoye,RU,2022-12-09 20:49:14,57.8865,52.2416,16.14,95,100,9.66
243,Shache,CN,2022-12-09 20:49:15,38.4167,77.2406,22.55,44,35,3.13
244,Ovre Ardal,NO,2022-12-09 20:49:16,61.3167,7.8,16.68,88,13,6.78
245,Azovo,RU,2022-12-09 20:49:16,54.6997,73.0237,-0.26,92,64,9.86
246,Pavlodar,KZ,2022-12-09 20:49:17,52.3,76.95,-22.2,69,0,6.71
247,Formosa,AR,2022-12-09 20:46:20,-26.1775,-58.1781,102.18,42,40,8.05
248,Hella,NO,2022-12-09 20:49:18,67.2,14.4333,24.89,76,0,9.22
249,Nyagan,RU,2022-12-09 20:49:19,62.1406,65.3936,-15.79,98,12,2.82
250,Tigre,AR,2022-12-09 20:49:19,-34.426,-58.5796,100.54,44,0,11.5
251,Carutapera,BR,2022-12-09 20:41:13,-1.195,-46.02,80.17,76,34,8.46
252,Pitimbu,BR,2022-12-09 20:49:20,-7.4706,-34.8086,82.99,73,10,9.93
253,Navalmoral De La Mata,ES,2022-12-09 20:45:56,39.8916,-5.5406,50.95,96,97,2.06
254,Ginda,IN,2022-12-09 20:49:22,30.6945,78.4932,46.26,29,0,7.99
255,Codrington,AU,2022-12-09 20:49:22,-38.2667,141.9667,51.26,76,2,10.71
256,Praia,CV,2022-12-09 20:45:04,14.9215,-23.5087,75.74,78,20,11.5
257,Iskateley,RU,2022-12-09 20:49:24,67.6803,53.1512,-9.22,100,39,1.74
258,Hamina,FI,2022-12-09 20:49:24,60.5697,27.1979,27.68,98,99,2.91
259,Aden,YE,2022-12-09 20:47:13,12.7794,45.0367,78.42,70,14,11.32
260,Chemal,RU,2022-12-09 20:49:25,51.4111,86.005,13.28,90,100,2.01
261,Bollnas,SE,2022-12-09 20:49:26,61.3482,16.3946,23.86,94,100,6.38
262,Callaway,US,2022-12-09 20:49:26,30.153,-85.5699,75.94,82,0,8.05
263,Edd,ER,2022-12-09 20:49:27,13.9297,41.6925,77.65,80,3,7.81
264,Paita,PE,2022-12-09 20:49:28,-5.0892,-81.1144,71.4,71,74,16.42
265,Grootfontein,NA,2022-12-09 20:49:28,-19.5667,18.1167,72.97,53,78,2.3
266,Comodoro Rivadavia,AR,2022-12-09 20:49:29,-45.8667,-67.5,78.66,15,75,25.32
267,Aksarka,RU,2022-12-09 20:49:29,66.5606,67.7975,-6.39,85,79,6.2
268,Onega,RU,2022-12-09 20:49:30,63.9061,38.1404,16.27,97,94,6.8
269,Tshela,CD,2022-12-09 20:49:31,-4.9833,12.9333,72.59,98,88,0.56
270,Marzuq,YE,2022-12-09 20:49:31,14.4,46.4667,61.0,72,6,3.67
271,Vestmanna,FO,2022-12-09 20:49:32,62.1564,-7.1664,36.52,81,75,13.8
272,Terra Rica,BR,2022-12-09 20:49:33,-22.7094,-52.6169,80.73,72,71,10.16
273,Gravdal,NO,2022-12-09 20:50:34,68.1214,13.5031,19.29,79,0,4.61
274,Petrozavodsk,RU,2022-12-09 20:50:35,61.7849,34.3469,27.86,79,100,8.95
275,Achutupo,PA,2022-12-09 20:50:35,9.2,-77.9833,81.68,70,21,8.68
276,Mezen,RU,2022-12-09 20:50:36,65.8522,44.24,11.21,91,100,11.01
277,Pangnirtung,CA,2022-12-09 20:50:36,66.1451,-65.7125,17.6,93,100,0.0
278,Dhidhdhoo,MV,2022-12-09 20:50:37,6.8833,73.1,81.7,71,100,17.92
279,Stokmarknes,NO,2022-12-09 20:50:37,68.5646,14.9108,30.16,50,0,10.36
280,Potchefstroom,ZA,2022-12-09 20:48:51,-26.7167,27.1,64.56,79,84,6.33
281,Bereda,ES,2022-12-09 20:50:38,43.2686,-7.5406,46.42,100,100,7.02
282,Siljan,NO,2022-12-09 20:50:38,59.2884,9.71,21.16,86,86,4.83
283,Rajshahi,BD,2022-12-09 20:50:14,24.3667,88.6,62.76,67,27,5.77
284,Puerto Madryn,AR,2022-12-09 20:50:39,-42.7692,-65.0385,79.09,16,87,26.6
285,Neuquen,AR,2022-12-09 20:50:39,-38.9516,-68.0591,85.89,23,0,12.66
286,Conakry,GN,2022-12-09 20:50:40,9.538,-13.6773,81.9,79,3,11.72
287,Naftalan,AZ,2022-12-09 20:50:40,40.5067,46.825,40.42,82,23,5.59
288,Qaqortoq,GL,2022-12-09 20:50:41,60.7167,-46.0333,17.08,74,0,7.25
289,Tazovskiy,RU,2022-12-09 20:50:41,67.4667,78.7,-5.4,97,100,10.38
290,Vila Velha,BR,2022-12-09 20:49:03,-20.3297,-40.2925,84.15,86,40,8.05
291,Peniche,PT,2022-12-09 20:50:42,39.3558,-9.3811,59.11,93,14,16.53
292,Soyo,AO,2022-12-09 20:50:42,-6.1349,12.3689,78.69,89,74,7.9
293,Disna,BY,2022-12-09 20:50:42,55.568,28.1971,25.07,98,100,2.39
294,Lasa,IT,2022-12-09 20:50:43,46.6166,10.7002,36.48,95,96,0.83
295,Vardo,NO,2022-12-09 20:50:43,70.3705,31.1107,30.18,74,75,21.85
296,Ilhabela,BR,2022-12-09 20:50:44,-23.7781,-45.3581,75.25,82,83,6.89
297,Zhezkazgan,KZ,2022-12-09 20:50:44,47.8043,67.7144,3.24,89,23,5.57
298,Los Llanos De Aridane,ES,2022-12-09 20:50:45,28.6585,-17.9182,67.75,98,20,5.01
299,Ornskoldsvik,SE,2022-12-09 20:50:45,63.2909,18.7153,23.95,86,75,10.36
300,Dubai,AE,2022-12-09 20:47:59,25.2582,55.3047,76.93,50,40,12.66
301,Hellvik,NO,2022-12-09 20:50:46,59.9156,5.781,31.77,63,63,4.0
302,Locharbriggs,GB,2022-12-09 20:50:46,55.1034,-3.5844,32.14,86,20,2.17
303,Vitry-Le-Francois,FR,2022-12-09 20:50:46,48.7333,4.5833,32.41,98,10,4.36
304,Wegorzewo,PL,2022-12-09 20:50:47,54.2157,21.7372,27.64,89,98,5.99
305,Walvis Bay,NA,2022-12-09 20:50:47,-22.9575,14.5053,63.55,77,0,8.05
306,Lac-Megantic,CA,2022-12-09 20:50:48,45.5834,-70.8823,25.56,44,4,5.41
307,Pauini,BR,2022-12-09 20:50:48,-7.7136,-66.9764,87.82,55,81,0.58
308,Tripoli,LY,2022-12-09 20:49:33,32.8752,13.1875,73.42,47,100,10.89
309,Rundu,NA,2022-12-09 20:50:49,-17.9333,19.7667,70.05,75,91,4.65
310,Pisco,PE,2022-12-09 20:50:49,-13.7,-76.2167,75.25,60,0,19.57
311,Paamiut,GL,2022-12-09 20:50:49,61.994,-49.6678,28.47,76,99,16.02
312,Juruti,BR,2022-12-09 20:50:50,-2.1522,-56.0922,89.74,46,56,2.39
313,Grindavik,IS,2022-12-09 20:50:50,63.8424,-22.4338,32.47,74,2,14.97
314,Ankara,TR,2022-12-09 20:47:08,39.9199,32.8543,47.32,83,0,3.44
315,Santo Amaro,BR,2022-12-09 20:50:51,-12.5467,-38.7119,79.3,82,100,5.21
316,Tubuala,PA,2022-12-09 20:50:51,9.5167,-79.0333,81.07,74,16,13.11
317,Polunochnoye,RU,2022-12-09 20:50:52,60.8697,60.4153,4.6,98,98,2.15
318,Marawi,PH,2022-12-09 20:50:52,7.9986,124.2928,68.81,94,100,4.38
319,Makat,KZ,2022-12-09 20:50:53,47.6469,53.3463,15.33,64,0,9.8
320,Serra,BR,2022-12-09 20:50:10,-20.1286,-40.3078,83.66,74,40,8.05
321,Vavoua,CI,2022-12-09 20:51:53,7.3819,-6.4778,80.02,54,45,2.51
322,Quatre Cocos,MU,2022-12-09 20:51:54,-20.2078,57.7625,77.11,83,38,10.31
323,Crystal Beach,CA,2022-12-09 20:51:54,42.8699,-79.0583,35.49,78,11,16.11
324,Santiago Del Estero,AR,2022-12-09 20:47:05,-27.7951,-64.2615,106.77,21,69,18.37
325,Zapolyarnyy,RU,2022-12-09 20:51:55,69.4154,30.8136,16.88,82,22,12.21
326,Pasni,PK,2022-12-09 20:51:55,25.2631,63.471,72.77,41,0,18.05
327,Cartagena Del Chaira,CO,2022-12-09 20:51:56,1.3349,-74.8429,82.26,65,99,1.21
328,Wittlich,DE,2022-12-09 20:51:56,49.9833,6.8833,34.88,77,100,5.75
329,Goundam,ML,2022-12-09 20:51:56,16.4145,-3.6708,78.33,12,0,9.75
330,Lodja,CD,2022-12-09 20:51:57,-3.4833,23.4333,66.61,93,89,1.3
331,Jawar,IN,2022-12-09 20:51:57,23.0,76.5,56.52,42,84,6.69
332,Garissa,KE,2022-12-09 20:51:58,-0.4536,39.6401,79.48,72,100,9.73
333,Agdas,AZ,2022-12-09 20:51:58,40.65,47.4761,40.87,79,81,3.44
334,Lisakovsk,KZ,2022-12-09 20:51:59,52.5369,62.4936,-0.62,86,17,7.36
335,Barranca,PE,2022-12-09 20:47:16,-10.75,-77.7667,69.44,74,36,9.19
336,Puerto Del Rosario,ES,2022-12-09 20:51:59,28.5004,-13.8627,69.55,83,20,3.44
337,Buchanan,LR,2022-12-09 20:52:00,5.8808,-10.0467,79.02,84,51,8.23
338,Sigulda,LV,2022-12-09 20:52:00,57.1519,24.8647,18.75,95,80,3.89
339,Yurimaguas,PE,2022-12-09 20:52:00,-5.9,-76.0833,82.56,78,40,4.61
340,Izazi,TZ,2022-12-09 20:52:01,-7.2,35.7333,76.69,50,22,4.03
341,Grand Gaube,MU,2022-12-09 20:52:01,-20.0064,57.6608,77.4,77,54,1.01
342,Mahajanga,MG,2022-12-09 20:52:02,-15.7167,46.3167,75.22,94,40,4.61
343,Bardiyah,LY,2022-12-09 20:52:02,31.7561,25.0865,63.93,87,4,7.67
344,Clermont,FR,2022-12-09 20:52:03,49.5,2.4167,33.71,93,7,4.68
345,Berlevag,NO,2022-12-09 20:52:03,70.8578,29.0864,28.35,74,100,12.66
346,Geraldton,AU,2022-12-09 20:52:04,-28.7667,114.6,55.81,82,75,6.91
347,Namibe,AO,2022-12-09 20:52:05,-15.1961,12.1522,70.57,63,44,7.99
348,Uray,RU,2022-12-09 20:52:05,60.1247,64.7758,6.46,95,100,5.26
349,Odweyne,SO,2022-12-09 20:52:06,9.4092,45.064,65.07,44,27,8.97
350,Kutum,SD,2022-12-09 20:52:06,14.2,24.6667,62.15,22,100,11.65
351,Puerto Baquerizo Moreno,EC,2022-12-09 20:52:06,-0.9,-89.6,76.19,88,75,9.22
352,Kaka,TM,2022-12-09 20:52:07,37.3482,59.6143,28.11,50,5,5.64
353,Kang,BW,2022-12-09 20:52:08,-23.6752,22.7876,75.38,56,0,12.93
354,Ylivieska,FI,2022-12-09 20:52:08,64.0833,24.55,18.88,96,94,5.44
355,Moose Factory,CA,2022-12-09 20:52:09,51.2585,-80.6094,-0.42,65,0,6.91
356,Curiti,CO,2022-12-09 20:52:09,6.6052,-73.0681,69.73,73,78,4.54
357,Mandasa,IN,2022-12-09 20:52:10,18.8667,84.4667,68.58,66,100,7.7
358,Laela,TZ,2022-12-09 20:52:10,-8.5667,32.05,62.17,91,100,3.96
359,Nantucket,US,2022-12-09 20:48:02,41.2835,-70.0995,46.54,57,0,25.32
360,Rudnichnyy,RU,2022-12-09 20:52:11,59.617,52.4703,12.09,97,100,3.67
361,Dergachi,RU,2022-12-09 20:52:12,51.2328,48.7659,15.82,55,79,14.72
362,Chapais,CA,2022-12-09 20:52:12,49.7834,-74.8492,1.18,96,8,3.51
363,Akdepe,TM,2022-12-09 20:52:13,42.0551,59.3788,8.69,62,0,10.04
364,Henties Bay,NA,2022-12-09 20:52:13,-22.116,14.2845,60.39,91,0,6.98
365,Ayagoz,KZ,2022-12-09 20:52:14,47.9714,80.4392,-8.73,100,96,8.55
366,Sorland,NO,2022-12-09 20:52:14,67.667,12.6934,35.46,54,9,19.73
367,Dom Pedrito,BR,2022-12-09 20:53:15,-30.9828,-54.6731,98.82,18,5,8.52
368,Mehamn,NO,2022-12-09 20:53:15,71.0357,27.8492,28.31,86,75,2.3
369,Filadelfia,US,2022-12-09 20:50:39,39.9523,-75.1638,47.68,53,0,10.36
370,Hoorn,NL,2022-12-09 20:53:16,52.6431,5.0578,33.98,93,8,7.9
371,Baltoji Voke,LT,2022-12-09 20:53:16,54.6,25.2,30.65,100,100,2.3
372,Kinel-Cherkassy,RU,2022-12-09 20:50:26,53.4706,51.4743,11.41,70,99,10.65
373,Saint Anthony,US,2022-12-09 20:53:17,45.0205,-93.218,31.84,81,100,11.5
374,Chimbote,PE,2022-12-09 20:53:18,-9.0853,-78.5783,69.8,74,22,9.93
375,Puerto Cabezas,NI,2022-12-09 20:53:18,14.0351,-83.3888,78.76,83,40,4.61
376,Tonota,BW,2022-12-09 20:53:19,-21.4833,27.4833,74.05,46,32,9.78
377,Havelock,US,2022-12-09 20:53:19,34.8791,-76.9013,55.98,73,100,16.11
378,Camargo,MX,2022-12-09 20:53:20,27.6667,-105.1667,79.77,16,3,5.77
379,Thunder Bay,CA,2022-12-09 20:53:21,48.4001,-89.3168,33.78,74,100,11.5
380,Kristiinankaupunki,FI,2022-12-09 20:53:21,62.2743,21.376,18.14,95,98,5.01
381,Mitsamiouli,KM,2022-12-09 20:53:22,-11.3847,43.2844,80.49,73,28,3.69
382,Surt,LY,2022-12-09 20:53:23,31.2089,16.5887,70.34,34,6,7.85
383,Kirando,TZ,2022-12-09 20:53:25,-7.4167,30.6,71.31,83,98,5.21
384,Cacapava,BR,2022-12-09 20:50:20,-23.1008,-45.7069,89.85,72,1,3.6
385,Igurubi,TZ,2022-12-09 20:53:26,-4.0,33.7,74.07,61,100,8.93
386,Antofagasta,CL,2022-12-09 20:53:26,-23.65,-70.4,70.88,65,62,5.91
387,Taltal,CL,2022-12-09 20:53:26,-25.4,-70.4833,67.5,73,75,2.42
388,Pangody,RU,2022-12-09 20:53:27,65.85,74.4859,-11.45,90,98,13.24
389,Kibara,TZ,2022-12-09 20:53:27,-2.15,33.45,69.17,83,100,6.44
390,Menongue,AO,2022-12-09 20:53:28,-14.6585,17.691,62.28,91,100,2.21
391,Lambarene,GA,2022-12-09 20:53:29,-0.7001,10.2406,76.95,87,57,2.51
392,Kurkino,RU,2022-12-09 20:53:29,53.4257,38.6582,30.33,98,100,11.95
393,Nukus,UZ,2022-12-09 20:53:30,42.4531,59.6103,1.38,71,0,4.61
394,Baghdad,IQ,2022-12-09 20:53:30,33.3406,44.4009,55.31,88,31,9.22
395,Kaniama,CD,2022-12-09 20:53:30,-7.5667,24.1833,64.26,98,88,2.04
396,Savinka,RU,2022-12-09 20:53:31,50.0785,47.0994,18.81,54,25,15.23
397,Knysna,ZA,2022-12-09 20:53:31,-34.0363,23.0471,66.06,74,21,5.37
398,Talara,PE,2022-12-09 20:53:32,-4.5772,-81.2719,75.96,60,40,23.02
399,Satipo,PE,2022-12-09 20:53:32,-11.2522,-74.6386,81.55,71,96,2.33
400,Andilamena,MG,2022-12-09 20:53:33,-17.0167,48.5833,64.49,87,37,8.03
401,Sao Jose Da Coroa Grande,BR,2022-12-09 20:52:16,-8.8978,-35.1478,79.63,79,14,14.03
402,Talnakh,RU,2022-12-09 20:53:33,69.4865,88.3972,-21.75,98,16,2.35
403,Syracuse,IT,2022-12-09 20:48:44,37.0881,15.2792,60.39,85,100,10.76
404,Zhanaozen,KZ,2022-12-09 20:53:34,43.3,52.8,20.66,43,0,19.06
405,Cacoal,BR,2022-12-09 20:53:34,-11.4386,-61.4472,83.08,77,91,1.9
406,Vihari,PK,2022-12-09 20:53:35,30.0333,72.35,61.83,32,12,5.68
407,Lucea,JM,2022-12-09 20:53:35,18.451,-78.1736,81.86,70,19,16.98
408,Ihosy,MG,2022-12-09 20:53:35,-22.4,46.1167,67.93,85,71,13.38
409,Bubaque,GW,2022-12-09 20:53:36,11.2833,-15.8333,81.09,79,2,14.7
410,Yarmouth,US,2022-12-09 20:53:36,41.7057,-70.2286,44.96,54,0,32.99
411,Macau,MO,2022-12-09 20:53:37,22.2006,113.5461,60.6,77,0,17.27
412,Abha,SA,2022-12-09 20:54:37,18.2164,42.5053,57.02,77,0,4.61
413,Antalaha,MG,2022-12-09 20:54:38,-14.9003,50.2788,72.77,89,4,6.73
414,Sakakah,SA,2022-12-09 20:54:38,29.9697,40.2064,58.57,54,1,6.93
415,Chapleau,CA,2022-12-09 20:54:39,47.8405,-83.4034,17.69,93,100,8.05
416,Medvedovskaya,RU,2022-12-09 20:54:40,45.4531,39.0258,49.15,63,97,8.37
417,Danane,CI,2022-12-09 20:54:40,7.2596,-8.155,76.73,66,72,1.81
418,Aripuana,BR,2022-12-09 20:54:41,-9.1667,-60.6333,83.08,68,100,2.17
419,Bosaso,SO,2022-12-09 20:54:41,11.2842,49.1816,74.25,77,11,3.65
420,Olyka,UA,2022-12-09 20:54:42,50.7186,25.8125,31.93,95,100,7.14
421,La Palma,US,2022-12-09 20:54:43,33.8464,-118.0467,66.9,59,20,5.99
422,Kursenai,LT,2022-12-09 20:54:43,55.985,22.9189,1.65,97,15,3.91
423,Mahdasht,IR,2022-12-09 20:54:44,35.7299,50.8111,39.42,80,24,4.61
424,Lagoa,PT,2022-12-09 20:54:45,39.05,-27.9833,60.31,89,100,36.08
425,Kiisa,EE,2022-12-09 20:54:45,59.2369,24.6889,22.64,88,100,7.05
426,Kolobrzeg,PL,2022-12-09 20:54:46,54.1757,15.5834,25.48,93,20,5.1
427,Eregli,TR,2022-12-09 20:54:46,37.5133,34.0467,44.15,62,41,2.66
428,Corinth,GR,2022-12-09 20:54:47,37.9407,22.9573,60.89,79,100,2.35
429,Beloha,MG,2022-12-09 20:54:48,-25.1667,45.05,74.35,80,36,15.79
430,Obo,CF,2022-12-09 20:54:48,5.3998,26.4869,78.64,32,100,3.27
431,Monster,NL,2022-12-09 20:54:49,52.0258,4.175,34.99,93,66,6.91
432,Endicott,US,2022-12-09 20:54:49,42.0984,-76.0494,39.04,70,40,9.22
433,Bloemfontein,ZA,2022-12-09 20:54:50,-29.1211,26.214,63.88,77,37,3.44
434,Bay Saint Louis,US,2022-12-09 20:54:51,30.3088,-89.33,77.05,84,67,3.6
435,Ladybrand,ZA,2022-12-09 20:54:51,-29.1945,27.4574,61.65,77,86,5.44
436,Comacchio,IT,2022-12-09 20:54:52,44.6975,12.1858,42.98,88,94,7.74
437,Antas,PT,2022-12-09 20:54:53,41.7364,-8.3089,50.67,95,52,5.21
438,Elizabeth City,US,2022-12-09 20:54:53,36.2946,-76.2511,53.62,68,75,10.36
439,Cururupu,BR,2022-12-09 20:54:54,-1.8283,-44.8683,79.74,74,31,4.61
440,Ruwi,OM,2022-12-09 20:54:54,23.5996,58.5507,74.68,57,0,5.97
441,Ancud,CL,2022-12-09 20:54:55,-41.8697,-73.8203,59.34,74,54,10.42
442,Ambilobe,MG,2022-12-09 20:54:56,-13.2,49.05,74.89,89,6,1.59
443,Baindur,IN,2022-12-09 20:54:56,13.8667,74.6333,77.27,50,98,3.38
444,Itapui,BR,2022-12-09 20:54:57,-22.2333,-48.7192,89.6,62,87,5.41
445,Oruro,BO,2022-12-09 20:54:57,-17.9833,-67.15,64.89,34,75,17.27
446,Umm Lajj,SA,2022-12-09 20:54:58,25.0213,37.2685,75.2,51,0,12.86
447,Avon Park,US,2022-12-09 20:54:59,27.5959,-81.5062,79.92,59,1,5.03
448,Jardim,BR,2022-12-09 20:54:59,-21.4803,-56.1381,90.82,48,33,3.02
449,Saint-Joseph,RE,2022-12-09 20:55:00,-21.3667,55.6167,75.58,84,27,10.56
450,Okahandja,NA,2022-12-09 20:55:01,-21.9833,16.9167,71.8,27,30,13.98
451,Ratnapura,LK,2022-12-09 20:55:02,6.6828,80.3992,72.34,97,100,1.59
452,Puerto Colombia,CO,2022-12-09 20:55:03,10.9878,-74.9547,86.09,76,59,20.24
453,Sao Miguel Do Araguaia,BR,2022-12-09 20:55:03,-13.275,-50.1628,73.74,92,100,5.39
454,Werda,BW,2022-12-09 20:55:04,-25.2667,23.2833,77.18,52,26,18.41
455,Vagay,RU,2022-12-09 20:55:05,57.9375,69.0217,7.63,95,100,4.92
456,Shetpe,KZ,2022-12-09 20:55:06,44.1667,52.1167,22.23,43,0,16.51
457,Tessalit,ML,2022-12-09 20:55:06,20.1986,1.0114,73.0,14,0,10.07
458,Rocha,UY,2022-12-09 20:55:07,-34.4833,-54.3333,97.29,23,2,8.9
459,Vidin,BG,2022-12-09 20:55:08,43.99,22.8725,44.64,90,75,0.76
460,Oranjestad,AW,2022-12-09 20:56:09,12.524,-70.027,82.35,65,20,13.8
461,Atasu,KZ,2022-12-09 20:56:09,48.6814,71.6433,-6.0,99,100,6.35
462,Yazd,IR,2022-12-09 20:56:10,31.8972,54.3675,42.91,45,20,4.61
463,Sirjan,IR,2022-12-09 20:56:10,29.452,55.6814,44.06,57,27,1.99
464,Tres Arroyos,AR,2022-12-09 20:56:11,-38.3739,-60.2798,82.29,24,4,18.92
465,Maun,BW,2022-12-09 20:56:12,-19.9833,23.4167,71.96,79,100,5.86
466,Upington,ZA,2022-12-09 20:56:12,-28.4478,21.2561,75.58,64,100,3.44
467,Candelaria,PH,2022-12-09 20:56:12,13.9311,121.4233,74.37,95,100,3.38
468,High Rock,BS,2022-12-09 20:56:13,26.6208,-78.2833,78.82,67,50,13.0
469,Gubkinskiy,RU,2022-12-09 20:56:13,64.434,76.5026,-7.96,96,99,15.95
470,Ceres,US,2022-12-09 20:56:14,37.5949,-120.9577,58.8,74,87,4.41
471,Kangaatsiaq,GL,2022-12-09 20:56:14,68.3065,-53.4641,28.38,77,100,4.81
472,Waldkirchen,DE,2022-12-09 20:56:15,48.7327,13.6008,33.8,93,99,1.99
473,Khash,IR,2022-12-09 20:56:15,28.2211,61.2158,42.39,67,99,6.38
474,Aswan,EG,2022-12-09 20:56:16,24.0934,32.907,69.1,28,0,5.75
475,Kurud,IN,2022-12-09 20:56:16,20.8322,81.7214,59.99,39,100,4.99
476,Arlit,NE,2022-12-09 20:56:17,18.7369,7.3853,72.54,14,0,9.4
477,Salekhard,RU,2022-12-09 20:56:17,66.53,66.6019,-12.37,88,44,5.28
478,Eyl,SO,2022-12-09 20:56:18,7.9803,49.8164,76.77,71,100,18.37
479,Santa Fe,AR,2022-12-09 20:56:18,-31.6333,-60.7,100.29,15,54,4.94
480,Thompson,CA,2022-12-09 20:56:19,55.7435,-97.8558,10.56,79,75,8.05
481,Boden,SE,2022-12-09 20:56:19,65.8252,21.6886,19.4,89,100,10.16
482,Sena Madureira,BR,2022-12-09 20:56:20,-9.0656,-68.6569,86.5,56,79,3.27
483,Lamin,GM,2022-12-09 20:56:20,13.3522,-16.4339,77.29,68,0,9.73
484,Kolvereid,NO,2022-12-09 20:56:21,64.8655,11.6047,16.83,61,99,8.9
485,Arrifes,PT,2022-12-09 20:56:22,37.7667,-25.7,61.23,88,40,23.02
486,Gazanjyk,TM,2022-12-09 20:56:22,39.2446,55.5154,29.39,39,5,19.17
487,Doha,QA,2022-12-09 20:52:23,25.2867,51.5333,71.58,49,0,11.5
488,Puerto Leguizamo,CO,2022-12-09 20:56:23,-0.1934,-74.7819,84.43,58,82,2.62
489,Nebolchi,RU,2022-12-09 20:56:23,59.1239,33.3454,27.14,96,100,6.08
490,Kipini,KE,2022-12-09 20:56:25,-2.5257,40.5262,78.58,85,83,9.13
491,Skjervoy,NO,2022-12-09 20:56:26,70.0311,20.9714,19.4,61,22,16.26
492,Staryy Nadym,RU,2022-12-09 20:56:26,65.6118,72.6842,-9.67,98,100,12.44
493,Eganville,CA,2022-12-09 20:56:27,45.5334,-77.0994,26.51,30,2,7.02
494,Opuwo,NA,2022-12-09 20:56:27,-18.0607,13.84,70.41,28,45,7.61
495,Muravlenko,RU,2022-12-09 20:56:27,63.7898,74.523,-10.89,96,98,18.39
496,Marathon,US,2022-12-09 20:56:28,44.9,-89.7668,31.53,75,100,12.66
497,Scarborough,GB,2022-12-09 20:56:29,54.2797,-0.4044,33.66,88,21,1.01
498,Xuddur,SO,2022-12-09 20:56:29,4.1213,43.8894,76.84,60,61,13.62
499,Tashtyp,RU,2022-12-09 20:56:30,52.7939,89.8983,-3.71,92,57,4.16
500,Tromso,NO,2022-12-09 20:56:30,69.6496,18.957,26.62,43,0,14.97
501,Touros,BR,2022-12-09 20:56:31,-5.1989,-35.4608,79.63,78,80,11.56
502,Tiznit,MA,2022-12-09 20:55:42,29.5833,-9.5,60.93,81,76,3.62
503,Cradock,ZA,2022-12-09 20:56:31,-32.1642,25.6192,72.52,66,64,8.81
504,Bhayavadar,IN,2022-12-09 20:56:32,21.85,70.25,68.22,30,5,8.19
505,Prainha,BR,2022-12-09 20:57:32,-1.8,-53.48,86.88,48,10,2.51
506,Dingle,PH,2022-12-09 20:57:32,10.9995,122.6711,74.7,94,100,2.19
507,Igrim,RU,2022-12-09 20:57:33,63.1906,64.4162,-14.1,97,5,1.54
508,Grand-Bourg,GP,2022-12-09 20:57:33,15.8835,-61.3148,80.8,60,3,4.88
509,Chernyy Yar,RU,2022-12-09 20:57:34,48.0624,46.1091,20.93,77,20,16.13
510,Mtwara,TZ,2022-12-09 20:57:34,-10.2667,40.1833,79.93,78,20,9.22
511,Escanaba,US,2022-12-09 20:57:17,45.7453,-87.0646,30.51,86,93,8.99
512,Dolores,AR,2022-12-09 20:57:35,-36.3132,-57.6792,82.83,37,43,22.41
513,Altay,CN,2022-12-09 20:57:35,47.8667,88.1167,11.35,86,100,2.42
514,Port-Gentil,GA,2022-12-09 20:57:36,-0.7193,8.7815,82.36,78,40,9.22
515,Tugolesskiy Bor,RU,2022-12-09 20:57:36,55.5505,39.8242,26.4,97,100,5.48
516,Mazagao,BR,2022-12-09 20:57:36,-0.115,-51.2894,89.65,63,76,5.46
517,Karpathos,GR,2022-12-09 20:57:37,35.507,27.2132,64.36,88,25,14.97
518,Inhambane,MZ,2022-12-09 20:57:37,-23.865,35.3833,77.13,73,1,10.42
519,Tansen,NP,2022-12-09 20:57:38,27.8673,83.5467,48.78,81,0,4.34
520,Lavumisa,SZ,2022-12-09 20:57:38,-27.31,31.892,69.73,92,8,1.7
521,Chagoda,RU,2022-12-09 20:57:39,59.164,35.3285,24.6,95,100,7.54
522,San Diego,US,2022-12-09 20:54:50,32.7153,-117.1573,66.72,65,0,8.05
523,Malaut,IN,2022-12-09 20:57:39,30.2167,74.4833,61.11,31,0,3.96
524,Meybod,IR,2022-12-09 20:56:20,32.2501,54.0166,44.62,44,12,9.01
525,Atar,MR,2022-12-09 20:57:40,20.5169,-13.0499,82.4,29,100,6.76
526,Mopipi,BW,2022-12-09 20:57:40,-21.1833,24.8833,78.98,45,72,14.34
527,Zhob,PK,2022-12-09 20:57:41,31.3411,69.4481,49.75,51,39,2.55
528,Sao Felix Do Xingu,BR,2022-12-09 20:57:41,-6.6447,-51.995,81.93,73,95,2.84
529,Curanilahue,CL,2022-12-09 20:57:42,-37.4667,-73.35,68.94,46,100,7.16
530,Mauganj,IN,2022-12-09 20:57:42,24.6833,81.8833,56.86,41,67,0.74
531,Piterka,RU,2022-12-09 20:57:43,50.6803,47.4454,18.14,51,42,15.12
532,Maniitsoq,GL,2022-12-09 20:57:43,65.4167,-52.9,35.62,73,100,29.48
533,Darab,IR,2022-12-09 20:57:44,28.7519,54.5444,54.36,49,10,3.71
534,Aasiaat,GL,2022-12-09 20:57:44,68.7098,-52.8699,22.39,81,100,4.7
535,Anderson,US,2022-12-09 20:57:45,34.5334,-82.6499,55.78,98,100,3.0
536,Guira De Melena,CU,2022-12-09 20:57:45,22.7906,-82.5053,81.32,55,30,12.03
537,Bournemouth,GB,2022-12-09 20:57:15,50.7205,-1.8795,35.49,92,7,6.73
538,Takab,IR,2022-12-09 20:57:45,36.4009,47.1133,31.23,79,3,3.31
539,Malinovskiy,RU,2022-12-09 20:57:46,61.1953,62.8397,5.45,97,100,2.93
540,Matay,EG,2022-12-09 20:57:46,28.419,30.7792,63.59,28,0,6.13
541,Mansa,IN,2022-12-09 20:57:47,29.9833,75.3833,60.51,35,0,5.59
542,Labytnangi,RU,2022-12-09 20:57:47,66.6572,66.4183,-6.9,87,67,5.3
543,Jumla,NP,2022-12-09 20:57:48,29.2747,82.1838,39.16,27,0,5.41
544,Sept-Iles,CA,2022-12-09 20:57:48,50.2001,-66.3821,19.92,66,20,17.27
545,Floro,NO,2022-12-09 20:57:48,61.5996,5.0328,28.36,69,0,11.5
546,Plettenberg Bay,ZA,2022-12-09 20:57:49,-34.0527,23.3716,65.61,71,31,7.47
547,Raudeberg,NO,2022-12-09 20:57:49,61.9875,5.1352,27.27,75,7,6.42
548,Urucui,BR,2022-12-09 20:57:50,-7.2294,-44.5561,84.02,57,96,7.67
549,Minab,IR,2022-12-09 20:57:50,27.1467,57.0801,73.72,25,12,5.75
550,Caravelas,BR,2022-12-09 20:58:51,-17.7125,-39.2481,76.57,93,9,4.94
551,Prado,BR,2022-12-09 20:58:52,-17.3411,-39.2208,76.68,93,59,8.97
552,Annavasal,IN,2022-12-09 20:58:52,10.4667,78.7,72.99,89,100,11.5
553,Sumbawanga,TZ,2022-12-09 20:58:53,-7.9667,31.6167,64.2,88,75,0.0
554,Pontes E Lacerda,BR,2022-12-09 20:58:53,-15.2261,-59.3353,90.23,50,94,4.7
555,Verkhneyarkeyevo,RU,2022-12-09 20:58:54,55.4505,54.3145,13.23,73,100,13.53
556,Kantunilkin,MX,2022-12-09 20:58:55,21.0917,-87.45,84.83,42,1,6.91
557,Ouricuri,BR,2022-12-09 20:58:55,-7.8825,-40.0817,87.94,31,86,1.61
558,Boali,CF,2022-12-09 20:58:56,4.8005,18.1275,78.66,52,44,0.11
559,Micheweni,TZ,2022-12-09 20:58:57,-4.9667,39.8333,79.5,81,74,6.98
560,Warrington,GB,2022-12-09 20:54:27,53.3925,-2.5802,36.61,94,40,12.66
561,Cullinan,ZA,2022-12-09 20:58:58,-25.6709,28.5236,69.82,54,87,4.56
562,Daniel Flores,CR,2022-12-09 20:54:52,9.3355,-83.6694,74.07,82,59,2.53
563,Krasnoarmeysk,RU,2022-12-09 20:59:00,51.0239,45.6969,17.47,75,83,14.65
564,Ormstown,CA,2022-12-09 20:59:00,45.1334,-73.9992,30.29,34,3,8.1
565,Atbasar,KZ,2022-12-09 20:59:01,51.8,68.3333,-0.62,89,48,7.36
566,Kalemie,CD,2022-12-09 20:59:01,-5.9475,29.1947,68.04,91,97,6.93
567,Kachkanar,RU,2022-12-09 20:59:02,58.7,59.4948,7.86,91,100,4.94
568,Ekangala,ZA,2022-12-09 20:59:03,-25.6962,28.7492,69.3,54,98,6.67
569,Kautokeino,NO,2022-12-09 20:59:03,69.0125,23.0412,2.8,94,53,11.23
570,Stromness,GB,2022-12-09 20:59:04,58.965,-3.296,40.96,67,90,25.84
571,Luangwa,ZM,2022-12-09 20:59:05,-15.6167,30.4167,73.26,87,92,2.53
572,Shawinigan,CA,2022-12-09 20:57:40,46.5668,-72.7491,23.41,58,37,12.66
573,Amboasary,MG,2022-12-09 20:59:06,-25.0333,46.3833,73.76,84,19,8.25
574,Presidencia Roque Saenz Pena,AR,2022-12-09 20:59:07,-26.7852,-60.4388,107.06,20,84,11.07
575,Sinnamary,GF,2022-12-09 20:59:07,5.3833,-52.95,79.16,81,100,6.69
576,Marsaxlokk,MT,2022-12-09 20:59:08,35.8419,14.5431,70.09,73,0,16.11
577,Marsh Harbour,BS,2022-12-09 20:59:09,26.5412,-77.0636,76.51,70,14,13.15
578,Qeshm,IR,2022-12-09 20:59:09,26.9581,56.2719,66.09,43,4,16.04
579,Pegnitz,DE,2022-12-09 20:59:10,49.7564,11.545,30.67,90,83,3.2
580,Puerto Ayacucho,VE,2022-12-09 20:59:11,5.6639,-67.6236,81.23,76,95,3.18
581,Chateau-Thierry,FR,2022-12-09 20:59:11,49.05,3.4,34.0,93,5,4.29
582,San Pedro De Macoris,DO,2022-12-09 20:55:47,18.4616,-69.2972,84.81,71,79,7.94
583,Hambantota,LK,2022-12-09 20:59:12,6.1241,81.1185,76.96,86,100,11.7
584,Port Blair,IN,2022-12-09 20:59:13,11.6667,92.75,79.23,80,98,5.84
585,Cuenca,EC,2022-12-09 20:57:25,-2.8833,-78.9833,68.13,45,75,14.97
586,Mvangue,CM,2022-12-09 20:59:14,2.9667,11.5167,70.18,68,5,0.16
587,Salalah,OM,2022-12-09 20:54:48,17.0151,54.0924,73.72,52,2,0.54
588,Amapa,BR,2022-12-09 20:59:15,1.0,-52.0,83.16,54,80,3.42
589,Ponta Delgada,PT,2022-12-09 20:59:16,37.7333,-25.6667,63.5,88,40,23.02
590,Libreville,GA,2022-12-09 20:59:16,0.3925,9.4537,79.9,83,61,7.47
591,Gari,RU,2022-12-09 20:59:17,59.4307,62.3497,11.03,95,99,6.04
